feature_id	mz	rt	metabolite	isotopologue	mz_error	rt_error	sample	intensity
F1	336.0502181	660.163172	[]	[]	[]	[]	C13_TP_2	0.0
F2	164.0282572	660.3779496	[]	[]	[]	[]	C13_TP_2	618685.0791
F3	166.0349372	660.3784584	[]	[]	[]	[]	C13_TP_2	0.0
F4	335.0467697	660.4750752	[]	[]	[]	[]	C13_TP_2	0.0
F5	174.0408805	660.6308511	[]	[]	[]	[]	C13_TP_2	0.0
F6	165.0315147	660.9417998	[]	[]	[]	[]	C13_TP_2	107361.7588
F7	202.0359103	661.1359168	[]	[]	[]	[]	C13_TP_2	0.0
F8	209.0305294	662.2194477	[]	[]	[]	[]	C13_TP_2	0.0
F9	673.1397974	662.3055402	[]	[]	[]	[]	C13_TP_2	0.0
F10	170.0573865	662.640727	[]	[]	[]	[]	C13_TP_2	0.0
F11	215.0506921	663.2807756	[]	[]	[]	[]	C13_TP_2	0.0
F12	166.0438228	663.6057889	[]	[]	[]	[]	C13_TP_2	0.0
F13	210.0339549	663.6275907	[]	[]	[]	[]	C13_TP_2	0.0
F14	165.0404511	664.0229416	[]	[]	[]	[]	C13_TP_2	0.0
F15	667.1317933	664.559583	[]	[]	[]	[]	C13_TP_2	0.0
F16	288.0834801	665.6423621	[]	[]	[]	[]	C13_TP_2	0.0
F17	214.996698	665.6479839	[]	[]	[]	[]	C13_TP_2	0.0
F18	116.977692	666.642302	[]	[]	[]	[]	C13_TP_2	0.0
F19	117.0605156	667.1851886	[]	[]	[]	[]	C13_TP_2	0.0
F20	119.025753	667.779067	['Succinate']	[2]	[-2.1817883394469577]	[0.22093299999994542]	C13_TP_2	1571414706.0
F21	121.0325365	667.8083938	['Succinate']	[4]	[-2.7556143963707154]	[0.19160620000002382]	C13_TP_2	262996142.3
F22	102.018843	667.8333866	[]	[]	[]	[]	C13_TP_2	21128518.65
F23	120.0291332	667.9255408	['Succinate']	[3]	[-2.3748734361647483]	[0.07445919999997841]	C13_TP_2	1059554882.0
F24	99.00890544	667.9368057	[]	[]	[]	[]	C13_TP_2	3666830.135
F25	101.0154761	667.9930235	[]	[]	[]	[]	C13_TP_2	31398195.78
F26	100.0122877	668.0304828	[]	[]	[]	[]	C13_TP_2	21055142.43
F27	118.0224822	668.0678022	['Succinate']	[1]	[-2.91236037064073]	[-0.06780219999996007]	C13_TP_2	1159763992.0
F28	119.0232843	668.1606593	[]	[]	[]	[]	C13_TP_2	0.0
F29	117.0191077	668.2791124	['Succinate']	[0]	[-2.7692827810507836]	[-0.2791124000000309]	C13_TP_2	355314555.2
F30	139.0069284	668.3354945	[]	[]	[]	[]	C13_TP_2	0.0
F31	411.0208843	668.3416396	[]	[]	[]	[]	C13_TP_2	0.0
F32	632.1860625	668.6791302	[]	[]	[]	[]	C13_TP_2	0.0
F33	633.1894639	669.2799204	[]	[]	[]	[]	C13_TP_2	0.0
F34	631.1829443	669.2799937	[]	[]	[]	[]	C13_TP_2	0.0
F35	161.0454682	669.5405488	[]	[]	[]	[]	C13_TP_2	0.0
F36	122.0334649	669.8077746	[]	[]	[]	[]	C13_TP_2	4601192.546
F37	103.0222067	670.0787745	[]	[]	[]	[]	C13_TP_2	2576553.925
F38	629.1760591	670.079193	[]	[]	[]	[]	C13_TP_2	0.0
F39	163.0522628	670.1668392	[]	[]	[]	[]	C13_TP_2	2599902.049
F40	630.1795646	670.1901908	[]	[]	[]	[]	C13_TP_2	0.0
F41	165.0589393	670.2707187	[]	[]	[]	[]	C13_TP_2	0.0
F42	164.0556029	670.3602088	[]	[]	[]	[]	C13_TP_2	0.0
F43	162.048915	670.3925584	[]	[]	[]	[]	C13_TP_2	0.0
F44	348.1244955	670.4829325	[]	[]	[]	[]	C13_TP_2	0.0
F45	347.1215077	671.1489309	[]	[]	[]	[]	C13_TP_2	0.0
F46	688.2245147	671.2464311	[]	[]	[]	[]	C13_TP_2	0.0
F47	346.1181432	671.3881428	[]	[]	[]	[]	C13_TP_2	0.0
F48	259.0576094	671.4022425	[]	[]	[]	[]	C13_TP_2	0.0
F49	345.1148133	671.4026298	[]	[]	[]	[]	C13_TP_2	0.0
F50	344.1114347	671.421149	[]	[]	[]	[]	C13_TP_2	0.0
F51	336.0779607	671.6013241	[]	[]	[]	[]	C13_TP_2	0.0
F52	343.1080589	671.6167186	[]	[]	[]	[]	C13_TP_2	0.0
F53	335.0746133	671.6753138	[]	[]	[]	[]	C13_TP_2	0.0
F54	563.1094425	671.6991356	[]	[]	[]	[]	C13_TP_2	0.0
F55	682.0874113	671.7089432	[]	[]	[]	[]	C13_TP_2	0.0
F56	579.1045839	671.8014041	[]	[]	[]	[]	C13_TP_2	0.0
F57	687.2216543	671.9179046	[]	[]	[]	[]	C13_TP_2	0.0
F58	685.2150733	672.0029124	[]	[]	[]	[]	C13_TP_2	0.0
F59	686.2184242	672.0304542	[]	[]	[]	[]	C13_TP_2	0.0
F60	342.1047132	672.0476608	[]	[]	[]	[]	C13_TP_2	0.0
F61	245.0256827	672.0616676	[]	[]	[]	[]	C13_TP_2	108382899.5
F62	341.1013432	672.088166	[]	[]	[]	[]	C13_TP_2	0.0
F63	340.0980223	672.1612434	[]	[]	[]	[]	C13_TP_2	0.0
F64	684.2117533	672.1887407	[]	[]	[]	[]	C13_TP_2	0.0
F65	339.094682	672.2153097	[]	[]	[]	[]	C13_TP_2	0.0
F66	340.0956688	672.232583	[]	[]	[]	[]	C13_TP_2	0.0
F67	683.2082959	672.2418787	[]	[]	[]	[]	C13_TP_2	0.0
F68	313.006822	672.2498728	[]	[]	[]	[]	C13_TP_2	0.0
F69	338.0913523	672.2776673	[]	[]	[]	[]	C13_TP_2	0.0
F70	333.0677438	672.2883828	[]	[]	[]	[]	C13_TP_2	0.0
F71	339.0924508	672.2883828	[]	[]	[]	[]	C13_TP_2	0.0
F72	682.204936	672.3603037	[]	[]	[]	[]	C13_TP_2	0.0
F73	680.198324	672.4153899	[]	[]	[]	[]	C13_TP_2	0.0
F74	681.2016914	672.4153899	[]	[]	[]	[]	C13_TP_2	0.0
F75	678.191774	672.4177325	[]	[]	[]	[]	C13_TP_2	0.0
F76	275.0527982	672.4435679	[]	[]	[]	[]	C13_TP_2	0.0
F77	337.087792	672.4919039	[]	[]	[]	[]	C13_TP_2	0.0
F78	679.1950304	672.5179076	[]	[]	[]	[]	C13_TP_2	0.0
F79	677.1867258	672.5515075	[]	[]	[]	[]	C13_TP_2	0.0
F80	677.1880502	672.6767108	[]	[]	[]	[]	C13_TP_2	0.0
F81	676.184755	672.7065985	[]	[]	[]	[]	C13_TP_2	0.0
F82	714.1400892	672.7543772	[]	[]	[]	[]	C13_TP_2	0.0
F83	713.1371976	672.7576079	[]	[]	[]	[]	C13_TP_2	0.0
F84	675.1814404	672.8148391	[]	[]	[]	[]	C13_TP_2	0.0
F85	244.0223077	672.8255591	[]	[]	[]	[]	C13_TP_2	150531466.9
F86	511.0880895	672.8752306	[]	[]	[]	[]	C13_TP_2	0.0
F87	436.0587568	672.9322735	[]	[]	[]	[]	C13_TP_2	0.0
F88	439.0689208	673.133418	[]	[]	[]	[]	C13_TP_2	0.0
F89	435.054646	673.1373587	[]	[]	[]	[]	C13_TP_2	0.0
F90	233.0775359	673.1609929	[]	[]	[]	[]	C13_TP_2	0.0
F91	247.0575705	673.2101928	[]	[]	[]	[]	C13_TP_2	0.0
F92	234.0808246	673.241588	[]	[]	[]	[]	C13_TP_2	0.0
F93	371.0238338	673.2482242	[]	[]	[]	[]	C13_TP_2	0.0
F94	195.8109684	673.2534199	[]	[]	[]	[]	C13_TP_2	8818313.031
F95	235.0841657	673.306861	[]	[]	[]	[]	C13_TP_2	0.0
F96	437.0613836	673.4306553	[]	[]	[]	[]	C13_TP_2	0.0
F97	232.0740755	673.497071	[]	[]	[]	[]	C13_TP_2	0.0
F98	423.081667	673.6681395	[]	[]	[]	[]	C13_TP_2	0.0
F99	438.0651587	673.730494	[]	[]	[]	[]	C13_TP_2	0.0
F100	231.0707215	673.7351074	[]	[]	[]	[]	C13_TP_2	0.0
F101	569.089304	673.7404485	[]	[]	[]	[]	C13_TP_2	0.0
F102	541.0895231	673.9314336	[]	[]	[]	[]	C13_TP_2	0.0
F103	230.0672972	673.9980652	[]	[]	[]	[]	C13_TP_2	0.0
F104	421.0748852	674.0207182	[]	[]	[]	[]	C13_TP_2	0.0
F105	542.0928565	674.208991	[]	[]	[]	[]	C13_TP_2	0.0
F106	537.1039428	674.2610235	[]	[]	[]	[]	C13_TP_2	0.0
F107	539.0831165	674.2610235	[]	[]	[]	[]	C13_TP_2	0.0
F108	502.1453302	674.3360685	[]	[]	[]	[]	C13_TP_2	0.0
F109	501.1421797	674.3951641	[]	[]	[]	[]	C13_TP_2	0.0
F110	543.095985	674.4794651	[]	[]	[]	[]	C13_TP_2	0.0
F111	540.0861909	674.5457509	[]	[]	[]	[]	C13_TP_2	0.0
F112	175.061139	674.6046936	[]	[]	[]	[]	C13_TP_2	0.0
F113	500.138766	674.6101777	[]	[]	[]	[]	C13_TP_2	0.0
F114	162.0423192	674.6521507	[]	[]	[]	[]	C13_TP_2	22769391.3
F115	498.1321807	674.7300043	[]	[]	[]	[]	C13_TP_2	0.0
F116	499.1355396	674.7364933	[]	[]	[]	[]	C13_TP_2	0.0
F117	503.1486579	674.7898184	[]	[]	[]	[]	C13_TP_2	0.0
F118	497.1286033	674.8684993	[]	[]	[]	[]	C13_TP_2	0.0
F119	496.1254151	675.0489014	[]	[]	[]	[]	C13_TP_2	0.0
F120	161.0388779	675.16808	[]	[]	[]	[]	C13_TP_2	123095221.8
F121	117.0488688	675.2529098	[]	[]	[]	[]	C13_TP_2	27674831.87
F122	495.12198	675.274084	[]	[]	[]	[]	C13_TP_2	0.0
F123	114.0324207	675.3953671	[]	[]	[]	[]	C13_TP_2	0.0
F124	323.0837026	675.3955079	[]	[]	[]	[]	C13_TP_2	0.0
F125	158.022644	675.4165131	[]	[]	[]	[]	C13_TP_2	0.0
F126	115.0396814	675.5036972	[]	[]	[]	[]	C13_TP_2	0.0
F127	160.0354847	675.5097501	[]	[]	[]	[]	C13_TP_2	248261812.8
F128	116.0455097	675.6019228	[]	[]	[]	[]	C13_TP_2	119244534.8
F129	322.0804097	675.6019228	[]	[]	[]	[]	C13_TP_2	5626124.431
F130	99.01930309	675.6035778	[]	[]	[]	[]	C13_TP_2	0.0
F131	987.3112544	675.6403216	[]	[]	[]	[]	C13_TP_2	17235217.21
F132	159.0321194	675.7161981	[]	[]	[]	[]	C13_TP_2	264563541.9
F133	115.0421395	675.7245656	[]	[]	[]	[]	C13_TP_2	172544142.2
F134	537.0913437	675.7308268	[]	[]	[]	[]	C13_TP_2	0.0
F135	98.01592258	675.767575	[]	[]	[]	[]	C13_TP_2	0.0
F136	321.0771877	675.767575	[]	[]	[]	[]	C13_TP_2	9810231.79
F137	97.01254822	675.859809	[]	[]	[]	[]	C13_TP_2	0.0
F138	89.02440829	675.8635819	[]	[]	[]	[]	C13_TP_2	8445688.22
F139	536.0880745	675.9566003	[]	[]	[]	[]	C13_TP_2	0.0
F140	159.0295485	676.0008799	[]	[]	[]	[]	C13_TP_2	0.0
F141	320.0739219	676.025405	[]	[]	[]	[]	C13_TP_2	11745774.25
F142	158.0287614	676.0755468	[]	[]	[]	[]	C13_TP_2	130855624.9
F143	114.0387556	676.1227984	[]	[]	[]	[]	C13_TP_2	112562349.8
F144	533.0782612	676.1766855	[]	[]	[]	[]	C13_TP_2	0.0
F145	319.0706221	676.1989568	[]	[]	[]	[]	C13_TP_2	9741922.821
F146	318.0672681	676.283012	[]	[]	[]	[]	C13_TP_2	5232776.773
F147	113.0354516	676.3665722	[]	[]	[]	[]	C13_TP_2	25904366.68
F148	96.00919321	676.385799	[]	[]	[]	[]	C13_TP_2	0.0
F149	317.0639088	676.3945975	[]	[]	[]	[]	C13_TP_2	1817474.321
F150	157.0253836	676.4404576	[]	[]	[]	[]	C13_TP_2	22723892.13
F151	137.0275004	676.4604364	['Malate']	[4]	[-2.793592519051782]	[-0.4604364000000487]	C13_TP_2	529223407.9
F152	259.0163574	676.4684543	[]	[]	[]	[]	C13_TP_2	0.0
F153	534.081381	676.5431823	[]	[]	[]	[]	C13_TP_2	0.0
F154	136.024129	676.5620229	['Malate']	[3]	[-2.692419372032726]	[-0.5620228999999881]	C13_TP_2	2090662547.0
F155	135.0208168	676.6045604	['Malate']	[2]	[-3.0281923165768556]	[-0.6045603999999685]	C13_TP_2	3105587268.0
F156	316.0606223	676.6904515	[]	[]	[]	[]	C13_TP_2	0.0
F157	157.0896984	676.7152711	[]	[]	[]	[]	C13_TP_2	0.0
F158	317.0618695	676.7291179	[]	[]	[]	[]	C13_TP_2	0.0
F159	91.03114208	676.7486396	[]	[]	[]	[]	C13_TP_2	22865459.88
F160	156.9610157	676.7939931	[]	[]	[]	[]	C13_TP_2	0.0
F161	90.0277661	676.7959179	[]	[]	[]	[]	C13_TP_2	23453145.64
F162	258.0129627	676.8023348	[]	[]	[]	[]	C13_TP_2	0.0
F163	315.057125	676.8246505	[]	[]	[]	[]	C13_TP_2	0.0
F164	92.03451837	676.8642071	[]	[]	[]	[]	C13_TP_2	3738527.995
F165	134.0174803	676.8898827	['Malate']	[1]	[-3.1876737200244176]	[-0.8898827000000438]	C13_TP_2	2077278842.0
F166	133.0140851	676.8952154	['Malate']	[0]	[-2.9082559166254343]	[-0.8952153999999837]	C13_TP_2	543216118.8
F167	138.028358	676.913583	[]	[]	[]	[]	C13_TP_2	23455217.15
F168	135.018344	676.9777652	[]	[]	[]	[]	C13_TP_2	0.0
F169	257.0096179	677.0299965	[]	[]	[]	[]	C13_TP_2	0.0
F170	119.017101	677.1352979	[]	[]	[]	[]	C13_TP_2	16544550.93
F171	116.0261977	677.3130561	[]	[]	[]	[]	C13_TP_2	0.0
F172	139.0317961	677.3962726	[]	[]	[]	[]	C13_TP_2	3020262.238
F173	115.0228278	677.4853465	[]	[]	[]	[]	C13_TP_2	0.0
F174	117.0102425	677.5412531	[]	[]	[]	[]	C13_TP_2	280940541.2
F175	256.0063522	677.5470015	[]	[]	[]	[]	C13_TP_2	0.0
F176	357.0267571	677.6477631	[]	[]	[]	[]	C13_TP_2	0.0
F177	358.0301447	677.6759759	[]	[]	[]	[]	C13_TP_2	0.0
F178	134.9695374	677.713408	[]	[]	[]	[]	C13_TP_2	1391773.859
F179	275.0223789	677.714038	[]	[]	[]	[]	C13_TP_2	0.0
F180	256.9513326	677.8352524	[]	[]	[]	[]	C13_TP_2	0.0
F181	114.0194378	677.8450903	[]	[]	[]	[]	C13_TP_2	0.0
F182	116.0068468	677.863253	[]	[]	[]	[]	C13_TP_2	138146229.0
F183	118.0136756	677.8694504	[]	[]	[]	[]	C13_TP_2	132941977.8
F184	356.0233662	677.876159	[]	[]	[]	[]	C13_TP_2	0.0
F185	255.0029739	677.9216404	[]	[]	[]	[]	C13_TP_2	0.0
F186	115.003462	677.9896953	[]	[]	[]	[]	C13_TP_2	32532645.86
F187	355.0199783	678.1489733	[]	[]	[]	[]	C13_TP_2	0.0
F188	353.013189	678.5253016	[]	[]	[]	[]	C13_TP_2	0.0
F189	179.0198477	678.8372348	[]	[]	[]	[]	C13_TP_2	0.0
F190	354.0166746	679.1851445	[]	[]	[]	[]	C13_TP_2	0.0
F191	399.0441485	679.3506134	[]	[]	[]	[]	C13_TP_2	0.0
F192	329.0017384	679.3614068	[]	[]	[]	[]	C13_TP_2	0.0
F193	280.0380703	680.0360252	[]	[]	[]	[]	C13_TP_2	1744702.014
F194	247.0212631	680.0633368	[]	[]	[]	[]	C13_TP_2	0.0
F195	335.0221105	680.067227	[]	[]	[]	[]	C13_TP_2	1483982.397
F196	279.0347236	680.154549	[]	[]	[]	[]	C13_TP_2	2259137.623
F197	334.0187382	680.4163211	[]	[]	[]	[]	C13_TP_2	2453571.946
F198	333.0153568	680.5102383	[]	[]	[]	[]	C13_TP_2	4742776.102
F199	332.0120446	680.5219864	[]	[]	[]	[]	C13_TP_2	1536183.386
F200	200.0025478	680.668032	[]	[]	[]	[]	C13_TP_2	0.0
F201	278.0313836	680.7641989	[]	[]	[]	[]	C13_TP_2	2451388.055
F202	128.0352062	880.0687913	[]	[]	[]	[]	C13_TP_2	0.0
F203	102.0560248	880.1652528	[]	[]	[]	[]	C13_TP_2	0.0
F204	146.0458162	880.1890071	[]	[]	[]	[]	C13_TP_2	0.0
F205	147.0491874	880.4043098	[]	[]	[]	[]	C13_TP_2	0.0
F206	498.9334446	880.5417221	[]	[]	[]	[]	C13_TP_2	0.0
F207	129.0385575	880.8754731	[]	[]	[]	[]	C13_TP_2	0.0
F208	493.9166079	881.0472183	[]	[]	[]	[]	C13_TP_2	0.0
F209	149.0275637	882.6815354	['a-KG']	[4]	[-2.9933992674904424]	[0.31846459999997023]	C13_TP_2	108234909.0
F210	148.0242914	882.6924314	['a-KG']	[3]	[-3.5712651957708874]	[0.3075685999999678]	C13_TP_2	212345002.8
F211	147.0209112	882.7702434	['a-KG']	[2]	[-3.42311169138239]	[0.22975659999997333]	C13_TP_2	206209922.5
F212	103.0311136	882.9956723	[]	[]	[]	[]	C13_TP_2	43558431.21
F213	104.0344619	883.0162718	[]	[]	[]	[]	C13_TP_2	64574084.76
F214	150.0309679	883.2390836	['a-KG']	[5]	[-3.3024115417359123]	[-0.2390835999999581]	C13_TP_2	21117563.43
F215	105.0376526	883.2718296	[]	[]	[]	[]	C13_TP_2	15882787.71
F216	101.0243794	883.5442413	[]	[]	[]	[]	C13_TP_2	9201746.165
F217	146.0175602	883.5449374	['a-KG']	[1]	[-3.4728973644302017]	[-0.5449373999999807]	C13_TP_2	102193801.9
F218	492.9133497	883.5449374	[]	[]	[]	[]	C13_TP_2	0.0
F219	362.9978467	883.5757672	[]	[]	[]	[]	C13_TP_2	3995879.739
F220	145.0141805	883.6131566	['a-KG']	[0]	[-3.325460988328737]	[-0.6131566000000248]	C13_TP_2	31862134.84
F221	102.0277193	883.8006332	[]	[]	[]	[]	C13_TP_2	61572178.33
F222	361.9947742	884.7705903	[]	[]	[]	[]	C13_TP_2	4912968.642
F223	413.0702405	885.4047231	[]	[]	[]	[]	C13_TP_2	1310522.015
F224	411.0636715	885.5803347	[]	[]	[]	[]	C13_TP_2	6658498.613
F225	494.9103853	885.678015	[]	[]	[]	[]	C13_TP_2	0.0
F226	410.0602965	885.7277509	[]	[]	[]	[]	C13_TP_2	6709854.597
F227	409.0569685	885.8191218	[]	[]	[]	[]	C13_TP_2	4953442.901
F228	412.0669624	886.081464	[]	[]	[]	[]	C13_TP_2	2644373.052
F229	408.053645	886.2522925	[]	[]	[]	[]	C13_TP_2	2368196.716
F230	363.0091062	886.7581439	[]	[]	[]	[]	C13_TP_2	4661375.5
F231	265.0430572	887.0269815	['G6P']	[6]	[-3.9021040993125196]	[2.9730184999999665]	C13_TP_2	46040517.76
F232	267.0473847	887.38402	[]	[]	[]	[]	C13_TP_2	0.0
F233	264.039769	887.3986367	['G6P']	[5]	[-4.169298451365041]	[2.6013633000000027]	C13_TP_2	280086979.7
F234	362.0056755	887.5371528	[]	[]	[]	[]	C13_TP_2	50190092.16
F235	202.0116237	887.5617043	[]	[]	[]	[]	C13_TP_2	8545914.637
F236	361.0022864	887.5656553	[]	[]	[]	[]	C13_TP_2	124841906.4
F237	263.0364017	887.5795766	['G6P']	[4]	[-4.137813599025385]	[2.420423400000004]	C13_TP_2	722383931.8
F238	359.9982433	887.6096547	[]	[]	[]	[]	C13_TP_2	164054443.6
F239	529.0858852	887.6538899	[]	[]	[]	[]	C13_TP_2	9063399.42
F240	200.0049458	887.684646	[]	[]	[]	[]	C13_TP_2	8683488.826
F241	365.0045541	887.7814442	[]	[]	[]	[]	C13_TP_2	0.0
F242	262.0328255	887.8226326	['G6P']	[3]	[-3.3088625378241776]	[2.17736739999998]	C13_TP_2	907387527.7
F243	358.9957521	887.8399837	[]	[]	[]	[]	C13_TP_2	120043766.1
F244	752.9385496	888.0130492	[]	[]	[]	[]	C13_TP_2	0.0
F245	261.02965	888.0154581	['G6P']	[2]	[-4.008608217565943]	[1.9845418999999538]	C13_TP_2	698196243.7
F246	405.0434265	888.0866456	[]	[]	[]	[]	C13_TP_2	0.0
F247	359.9879248	888.2106771	[]	[]	[]	[]	C13_TP_2	0.0
F248	201.0081354	888.2766496	[]	[]	[]	[]	C13_TP_2	12871502.07
F249	203.0150755	888.3927682	[]	[]	[]	[]	C13_TP_2	998893.9853
F250	528.0827619	888.4392083	[]	[]	[]	[]	C13_TP_2	27787242.08
F251	619.0222718	888.4820816	[]	[]	[]	[]	C13_TP_2	0.0
F252	790.1139806	888.7012558	[]	[]	[]	[]	C13_TP_2	2222007.726
F253	789.1106501	888.868828	[]	[]	[]	[]	C13_TP_2	1565116.071
F254	357.9923548	888.922053	[]	[]	[]	[]	C13_TP_2	46298329.28
F255	260.0262427	889.0268926	['G6P']	[1]	[-3.8223088165560233]	[0.9731074000000035]	C13_TP_2	255333526.1
F256	787.1034984	889.0466917	[]	[]	[]	[]	C13_TP_2	1388481.567
F257	139.9834629	889.0590399	[]	[]	[]	[]	C13_TP_2	4436634.411
F258	199.0018085	889.0924681	[]	[]	[]	[]	C13_TP_2	775304.0953
F259	788.1070605	889.2629883	[]	[]	[]	[]	C13_TP_2	1498769.284
F260	531.0929503	889.3044056	[]	[]	[]	[]	C13_TP_2	0.0
F261	527.0796074	889.4553347	[]	[]	[]	[]	C13_TP_2	61894240.26
F262	526.0762988	889.4726337	[]	[]	[]	[]	C13_TP_2	97183564.18
F263	525.0728123	889.9091891	[]	[]	[]	[]	C13_TP_2	111268288.2
F264	358.9938368	889.9200146	[]	[]	[]	[]	C13_TP_2	0.0
F265	522.0629233	889.9444892	[]	[]	[]	[]	C13_TP_2	24513487.98
F266	523.065717	889.9918731	[]	[]	[]	[]	C13_TP_2	58861577.61
F267	661.9949566	889.9918731	[]	[]	[]	[]	C13_TP_2	0.0
F268	524.0695197	889.9959332	[]	[]	[]	[]	C13_TP_2	94391897.87
F269	356.9889981	890.0711769	[]	[]	[]	[]	C13_TP_2	3933731.293
F270	261.0271366	890.0792576	[]	[]	[]	[]	C13_TP_2	0.0
F271	525.0916658	890.08565	[]	[]	[]	[]	C13_TP_2	11054609.15
F272	259.0228062	890.2012457	['G6P']	[0]	[-3.5218350590525547]	[-0.20124569999995856]	C13_TP_2	40467054.47
F273	521.059538	890.2513703	[]	[]	[]	[]	C13_TP_2	3880759.081
F274	358.9845488	890.2595496	[]	[]	[]	[]	C13_TP_2	0.0
F275	617.0158929	890.2867616	[]	[]	[]	[]	C13_TP_2	0.0
F276	138.9801149	890.3793422	[]	[]	[]	[]	C13_TP_2	1997041.304
F277	656.9785192	890.5103751	[]	[]	[]	[]	C13_TP_2	0.0
F278	397.0761374	890.587002	[]	[]	[]	[]	C13_TP_2	1740779.829
F279	524.0886788	890.8405169	[]	[]	[]	[]	C13_TP_2	12911487.92
F280	350.0202929	891.7431253	[]	[]	[]	[]	C13_TP_2	0.0
F281	559.0111894	891.902924	[]	[]	[]	[]	C13_TP_2	0.0
F282	520.0560786	891.9198881	[]	[]	[]	[]	C13_TP_2	0.0
F283	395.9482461	891.9704955	[]	[]	[]	[]	C13_TP_2	0.0
F284	522.0821529	892.1013731	[]	[]	[]	[]	C13_TP_2	7023048.433
F285	523.085418	892.1013731	[]	[]	[]	[]	C13_TP_2	6056131.093
F286	521.0574518	892.1973748	[]	[]	[]	[]	C13_TP_2	0.0
F287	519.0528156	892.2961264	[]	[]	[]	[]	C13_TP_2	0.0
F288	914.9998709	892.300267	[]	[]	[]	[]	C13_TP_2	0.0
F289	654.9718116	892.5500128	[]	[]	[]	[]	C13_TP_2	0.0
F290	779.0777484	892.5628976	[]	[]	[]	[]	C13_TP_2	0.0
F291	509.0677427	893.0460292	[]	[]	[]	[]	C13_TP_2	2828000.865
F292	508.0647749	893.6699957	[]	[]	[]	[]	C13_TP_2	4966466.257
F293	394.9449526	893.7781726	[]	[]	[]	[]	C13_TP_2	0.0
F294	817.0336049	893.7911108	[]	[]	[]	[]	C13_TP_2	0.0
F295	349.0169053	893.8104398	[]	[]	[]	[]	C13_TP_2	0.0
F296	247.0414732	893.9315105	[]	[]	[]	[]	C13_TP_2	8798232.536
F297	344.0041662	893.9315105	[]	[]	[]	[]	C13_TP_2	2051701.99
F298	248.0447083	894.0091752	[]	[]	[]	[]	C13_TP_2	1750337.92
F299	520.0752586	894.0829865	[]	[]	[]	[]	C13_TP_2	0.0
F300	557.0045514	894.2905648	[]	[]	[]	[]	C13_TP_2	0.0
F301	507.0617892	894.5188871	[]	[]	[]	[]	C13_TP_2	10257462.6
F302	506.0585775	894.7816284	[]	[]	[]	[]	C13_TP_2	487439.7428
F303	245.034523	895.0433435	[]	[]	[]	[]	C13_TP_2	4048235.513
F304	122.975607	895.3599246	[]	[]	[]	[]	C13_TP_2	0.0
F305	518.0687711	895.3919956	[]	[]	[]	[]	C13_TP_2	0.0
F306	246.0379934	895.624195	[]	[]	[]	[]	C13_TP_2	5806093.812
F307	171.9914389	895.6521587	[]	[]	[]	[]	C13_TP_2	1967811.346
F308	140.9862862	895.743889	[]	[]	[]	[]	C13_TP_2	5359527.617
F309	505.055267	895.759446	[]	[]	[]	[]	C13_TP_2	354154.3575
F310	504.052048	895.7684776	[]	[]	[]	[]	C13_TP_2	1518026.63
F311	169.9846522	896.0687776	[]	[]	[]	[]	C13_TP_2	12434923.23
F312	461.0162046	896.1267735	[]	[]	[]	[]	C13_TP_2	0.0
F313	170.9880584	896.1295786	[]	[]	[]	[]	C13_TP_2	12296585.15
F314	168.9812972	896.1473555	[]	[]	[]	[]	C13_TP_2	12028685.67
F315	150.9705666	896.1521669	[]	[]	[]	[]	C13_TP_2	0.0
F316	170.9771022	896.5823104	[]	[]	[]	[]	C13_TP_2	0.0
F317	244.0313137	898.3210487	[]	[]	[]	[]	C13_TP_2	0.0
F318	341.9975446	898.4040982	[]	[]	[]	[]	C13_TP_2	0.0
F319	340.9940183	899.6029539	[]	[]	[]	[]	C13_TP_2	0.0
F320	243.0279172	899.80644	[]	[]	[]	[]	C13_TP_2	0.0
F321	312.0383548	971.1451719	[]	[]	[]	[]	C13_TP_2	0.0
F322	141.0920626	972.4217103	[]	[]	[]	[]	C13_TP_2	0.0
F323	185.0820397	972.5465177	[]	[]	[]	[]	C13_TP_2	0.0
F324	227.0613741	974.4880247	[]	[]	[]	[]	C13_TP_2	0.0
F325	226.0579958	975.012868	[]	[]	[]	[]	C13_TP_2	387199.1652
F326	320.0105346	975.2191676	[]	[]	[]	[]	C13_TP_2	0.0
F327	225.0546011	975.2196816	[]	[]	[]	[]	C13_TP_2	437855.1877
F328	224.0512645	975.3730789	[]	[]	[]	[]	C13_TP_2	0.0
F329	223.0478074	975.5488963	[]	[]	[]	[]	C13_TP_2	0.0
F330	222.0444947	975.809511	[]	[]	[]	[]	C13_TP_2	0.0
F331	206.0130774	975.9593816	[]	[]	[]	[]	C13_TP_2	0.0
F332	331.0529881	976.0739816	[]	[]	[]	[]	C13_TP_2	0.0
F333	224.0403493	976.2821691	[]	[]	[]	[]	C13_TP_2	0.0
F334	330.0491741	977.418858	[]	[]	[]	[]	C13_TP_2	0.0
F335	332.055978	977.4424932	[]	[]	[]	[]	C13_TP_2	0.0
F336	120.0177587	978.4218327	[]	[]	[]	[]	C13_TP_2	1681338.421
F337	238.0385137	978.6474228	[]	[]	[]	[]	C13_TP_2	406236.6024
F338	236.0318032	978.6803901	[]	[]	[]	[]	C13_TP_2	6503567.178
F339	119.0168694	978.7949858	['Fumarate']	[4]	[-2.659147409895671]	[0.20501420000005055]	C13_TP_2	48834161.78
F340	153.9903653	978.9399275	[]	[]	[]	[]	C13_TP_2	981641.1952
F341	235.0284573	978.9399275	[]	[]	[]	[]	C13_TP_2	8084732.091
F342	237.0352052	978.9399275	[]	[]	[]	[]	C13_TP_2	3181929.538
F343	232.8837574	978.9887529	[]	[]	[]	[]	C13_TP_2	0.0
F344	234.024836	979.1349503	[]	[]	[]	[]	C13_TP_2	6182918.236
F345	117.0101922	979.1586032	['Fumarate']	[2]	[-2.982247900339191]	[-0.15860320000001593]	C13_TP_2	287318265.8
F346	118.01356	979.1586032	['Fumarate']	[3]	[-3.0667526681085784]	[-0.15860320000001593]	C13_TP_2	195227595.9
F347	154.9841091	979.1586032	[]	[]	[]	[]	C13_TP_2	869229.1917
F348	233.0213542	979.1586032	[]	[]	[]	[]	C13_TP_2	1951593.494
F349	229.0122152	979.4449753	[]	[]	[]	[]	C13_TP_2	0.0
F350	116.0068189	979.5269264	['Fumarate']	[1]	[-2.848870464078754]	[-0.5269263999999794]	C13_TP_2	185640750.8
F351	151.983654	979.5458734	[]	[]	[]	[]	C13_TP_2	861159.6987
F352	115.0034523	979.6168274	['Fumarate']	[0]	[-2.7714246279152674]	[-0.6168274000000338]	C13_TP_2	53124879.55
F353	117.0077339	979.8652961	[]	[]	[]	[]	C13_TP_2	0.0
F354	150.980306	979.8664142	[]	[]	[]	[]	C13_TP_2	0.0
F355	152.9773598	979.9512913	[]	[]	[]	[]	C13_TP_2	0.0
F356	214.9876284	979.9978897	[]	[]	[]	[]	C13_TP_2	573504.8663
F357	213.9842884	980.6039094	[]	[]	[]	[]	C13_TP_2	363406.6955
F358	212.9809424	980.7024431	[]	[]	[]	[]	C13_TP_2	0.0
F359	96.96019085	981.8221256	[]	[]	[]	[]	C13_TP_2	1335098348.0
F360	324.0748677	982.2182749	[]	[]	[]	[]	C13_TP_2	0.0
F361	194.9276565	982.4219221	[]	[]	[]	[]	C13_TP_2	0.0
F362	194.9371538	983.8282342	[]	[]	[]	[]	C13_TP_2	0.0
F363	232.8931136	983.9156065	[]	[]	[]	[]	C13_TP_2	0.0
F364	228.0976363	983.930522	[]	[]	[]	[]	C13_TP_2	0.0
F365	225.0876128	984.2646566	[]	[]	[]	[]	C13_TP_2	0.0
F366	219.9787546	984.3063509	[]	[]	[]	[]	C13_TP_2	0.0
F367	103.0594433	984.3163608	[]	[]	[]	[]	C13_TP_2	0.0
F368	130.0418916	984.5213013	[]	[]	[]	[]	C13_TP_2	0.0
F369	227.0942598	984.554989	[]	[]	[]	[]	C13_TP_2	0.0
F370	148.0525713	984.5551258	[]	[]	[]	[]	C13_TP_2	0.0
F371	104.0628094	984.5634651	[]	[]	[]	[]	C13_TP_2	0.0
F372	226.0910107	984.5833904	[]	[]	[]	[]	C13_TP_2	0.0
F373	150.0592429	984.6612191	[]	[]	[]	[]	C13_TP_2	0.0
F374	222.0774894	984.7841621	[]	[]	[]	[]	C13_TP_2	0.0
F375	149.0558496	984.8717497	[]	[]	[]	[]	C13_TP_2	0.0
F376	147.0492086	984.8810966	[]	[]	[]	[]	C13_TP_2	0.0
F377	244.0231661	984.9065156	[]	[]	[]	[]	C13_TP_2	168432855.4
F378	146.0458264	984.9316852	[]	[]	[]	[]	C13_TP_2	0.0
F379	128.0352096	985.0161395	[]	[]	[]	[]	C13_TP_2	0.0
F380	102.0560669	985.0166742	[]	[]	[]	[]	C13_TP_2	0.0
F381	129.0385802	985.0319837	[]	[]	[]	[]	C13_TP_2	0.0
F382	223.0808902	985.143561	[]	[]	[]	[]	C13_TP_2	0.0
F383	224.084226	985.1937417	[]	[]	[]	[]	C13_TP_2	0.0
F384	151.0626228	986.0049055	[]	[]	[]	[]	C13_TP_2	0.0
F385	304.0611719	987.9591355	[]	[]	[]	[]	C13_TP_2	3646449.568
F386	401.078369	2040.016399	[]	[]	[]	[]	C13_TP_2	0.0
F387	178.051015	2040.193136	[]	[]	[]	[]	C13_TP_2	0.0
F388	516.1589703	2045.362596	[]	[]	[]	[]	C13_TP_2	0.0
F389	166.9750994	2046.450622	[]	[]	[]	[]	C13_TP_2	0.0
F390	330.0333666	2046.824587	[]	[]	[]	[]	C13_TP_2	1073277.328
F391	329.0304114	2047.25856	[]	[]	[]	[]	C13_TP_2	2160480.604
F392	140.982893	2047.586217	[]	[]	[]	[]	C13_TP_2	2876763.701
F393	80.96509476	2047.872504	[]	[]	[]	[]	C13_TP_2	0.0
F394	154.9821287	2048.00598	[]	[]	[]	[]	C13_TP_2	0.0
F395	153.9896904	2048.064065	[]	[]	[]	[]	C13_TP_2	0.0
F396	198.9803514	2048.071558	[]	[]	[]	[]	C13_TP_2	0.0
F397	197.9797332	2048.074295	[]	[]	[]	[]	C13_TP_2	0.0
F398	196.9762903	2048.168106	[]	[]	[]	[]	C13_TP_2	13638514.9
F399	152.9862736	2048.178437	[]	[]	[]	[]	C13_TP_2	1443565.846
F400	198.9721503	2048.178437	[]	[]	[]	[]	C13_TP_2	0.0
F401	197.9756335	2048.196497	[]	[]	[]	[]	C13_TP_2	0.0
F402	637.0430294	2049.522581	[]	[]	[]	[]	C13_TP_2	0.0
F403	740.1247554	2049.572486	[]	[]	[]	[]	C13_TP_2	0.0
F404	318.018659	2049.621796	[]	[]	[]	[]	C13_TP_2	0.0
F405	744.1389468	2049.835867	[]	[]	[]	[]	C13_TP_2	3407671.673
F406	745.1422259	2049.835867	[]	[]	[]	[]	C13_TP_2	2587671.62
F407	742.1322979	2049.848438	[]	[]	[]	[]	C13_TP_2	3133557.64
F408	463.9781224	2049.910227	[]	[]	[]	[]	C13_TP_2	0.0
F409	385.03742	2050.051954	[]	[]	[]	[]	C13_TP_2	0.0
F410	743.1355669	2050.100328	[]	[]	[]	[]	C13_TP_2	3368516.96
F411	428.0265701	2050.2281	['ADP']	[2]	[4.042358397441604]	[-0.228099999999813]	C13_TP_2	0.0
F412	741.1288735	2050.264127	[]	[]	[]	[]	C13_TP_2	4032098.389
F413	867.093699	2050.294612	[]	[]	[]	[]	C13_TP_2	2331809.119
F414	659.9283346	2050.360366	[]	[]	[]	[]	C13_TP_2	0.0
F415	643.0660455	2050.364876	[]	[]	[]	[]	C13_TP_2	3311754.242
F416	645.0706254	2050.364876	[]	[]	[]	[]	C13_TP_2	3726755.295
F417	863.0808311	2050.364876	[]	[]	[]	[]	C13_TP_2	9723872.412
F418	865.0873473	2050.364876	[]	[]	[]	[]	C13_TP_2	6780163.714
F419	866.0905321	2050.364876	[]	[]	[]	[]	C13_TP_2	4362469.383
F420	644.068735	2050.411678	[]	[]	[]	[]	C13_TP_2	4110693.858
F421	524.0010347	2050.489516	[]	[]	[]	[]	C13_TP_2	0.0
F422	862.0776709	2050.520595	[]	[]	[]	[]	C13_TP_2	8669395.723
F423	426.0218175	2050.591857	['ADP']	[0]	[-0.5324450313496156]	[-0.5918569999998908]	C13_TP_2	0.0
F424	321.5304081	2050.629511	[]	[]	[]	[]	C13_TP_2	10206464.25
F425	322.0319464	2050.629511	[]	[]	[]	[]	C13_TP_2	10171272.83
F426	323.0353444	2050.629511	[]	[]	[]	[]	C13_TP_2	4976940.122
F427	353.0783506	2050.629511	[]	[]	[]	[]	C13_TP_2	15614531.0
F428	642.0616758	2050.629511	[]	[]	[]	[]	C13_TP_2	1179778.171
F429	646.0740342	2050.629511	[]	[]	[]	[]	C13_TP_2	1450853.213
F430	864.0841299	2050.629511	[]	[]	[]	[]	C13_TP_2	8945619.679
F431	561.9520935	2050.632683	[]	[]	[]	[]	C13_TP_2	0.0
F432	435.0518263	2050.699438	['ADP']	[9]	[-0.09681191411262428]	[-0.6994380000001001]	C13_TP_2	22795875.81
F433	323.5369245	2050.726339	[]	[]	[]	[]	C13_TP_2	1165762.623
F434	346.0548953	2050.761033	[]	[]	[]	[]	C13_TP_2	0.0
F435	853.0476071	2050.761033	[]	[]	[]	[]	C13_TP_2	0.0
F436	432.0420285	2050.773924	['ADP']	[6]	[-0.714798976986144]	[-0.7739240000000791]	C13_TP_2	487777063.2
F437	322.5336447	2050.823167	[]	[]	[]	[]	C13_TP_2	8105329.68
F438	354.0817253	2050.823167	[]	[]	[]	[]	C13_TP_2	5735399.579
F439	434.0484851	2050.823167	['ADP']	[8]	[-0.1284492445326083]	[-0.8231670000000122]	C13_TP_2	89446376.45
F440	433.0454678	2050.852608	['ADP']	[7]	[-0.9081914699883745]	[-0.8526080000001457]	C13_TP_2	279599450.3
F441	530.0195963	2050.852608	[]	[]	[]	[]	C13_TP_2	0.0
F442	321.028711	2050.858527	[]	[]	[]	[]	C13_TP_2	7938021.721
F443	431.0386752	2050.904199	['ADP']	[5]	[-0.7200240207373305]	[-0.9041990000000624]	C13_TP_2	576623200.3
F444	320.527073	2050.904417	[]	[]	[]	[]	C13_TP_2	4840012.559
F445	854.0503887	2050.909704	[]	[]	[]	[]	C13_TP_2	0.0
F446	427.0254418	2050.93135	['ADP']	[1]	[-1.1622216182557796]	[-0.9313499999998385]	C13_TP_2	19740449.11
F447	322.0224142	2051.027271	[]	[]	[]	[]	C13_TP_2	31326782.92
F448	860.0706627	2051.087542	[]	[]	[]	[]	C13_TP_2	3987813.722
F449	861.0740807	2051.087542	[]	[]	[]	[]	C13_TP_2	6415845.506
F450	430.0353281	2051.10635	['ADP']	[4]	[-0.7396908561284127]	[-1.1063500000000204]	C13_TP_2	475632512.1
F451	499.9552471	2051.119031	[]	[]	[]	[]	C13_TP_2	0.0
F452	621.9722122	2051.182484	[]	[]	[]	[]	C13_TP_2	0.0
F453	429.0319936	2051.183545	['ADP']	[3]	[-0.7888180952564581]	[-1.1835449999998673]	C13_TP_2	238064956.4
F454	529.0171725	2051.264591	[]	[]	[]	[]	C13_TP_2	0.0
F455	352.0750713	2051.29499	[]	[]	[]	[]	C13_TP_2	26950220.89
F456	565.9642217	2051.328897	[]	[]	[]	[]	C13_TP_2	0.0
F457	428.0286446	2051.360908	['ADP']	[2]	[-0.8042994420194534]	[-1.3609080000001086]	C13_TP_2	93045513.48
F458	528.0140716	2051.360908	[]	[]	[]	[]	C13_TP_2	0.0
F459	525.0034089	2051.371875	[]	[]	[]	[]	C13_TP_2	0.0
F460	859.0674893	2051.400299	[]	[]	[]	[]	C13_TP_2	0.0
F461	350.0684483	2051.489777	[]	[]	[]	[]	C13_TP_2	26070321.04
F462	347.0583622	2051.519592	[]	[]	[]	[]	C13_TP_2	752989.1695
F463	349.0650955	2051.62136	[]	[]	[]	[]	C13_TP_2	16615396.77
F464	351.071728	2051.637399	[]	[]	[]	[]	C13_TP_2	31853648.08
F465	526.0075258	2051.724253	[]	[]	[]	[]	C13_TP_2	0.0
F466	858.0641426	2051.760524	[]	[]	[]	[]	C13_TP_2	0.0
F467	563.9580539	2051.784285	[]	[]	[]	[]	C13_TP_2	0.0
F468	348.0616238	2051.891836	[]	[]	[]	[]	C13_TP_2	5798923.967
F469	564.9614678	2051.919523	[]	[]	[]	[]	C13_TP_2	0.0
F470	527.0108124	2052.041444	[]	[]	[]	[]	C13_TP_2	0.0
F471	562.954254	2052.063625	[]	[]	[]	[]	C13_TP_2	0.0
F472	338.0906286	2056.131408	[]	[]	[]	[]	C13_TP_2	0.0
F473	335.5624066	2056.716488	[]	[]	[]	[]	C13_TP_2	1950746.269
F474	380.5836503	2056.813289	[]	[]	[]	[]	C13_TP_2	11467350.62
F475	382.0884903	2056.813289	[]	[]	[]	[]	C13_TP_2	2672417.221
F476	763.1756638	2056.949257	[]	[]	[]	[]	C13_TP_2	3361922.512
F477	764.1788414	2056.969659	[]	[]	[]	[]	C13_TP_2	1282257.906
F478	335.0605837	2056.98445	[]	[]	[]	[]	C13_TP_2	1952618.576
F479	381.0853039	2057.080209	[]	[]	[]	[]	C13_TP_2	8422946.46
F480	381.587003	2057.080209	[]	[]	[]	[]	C13_TP_2	4969828.832
F481	762.1722066	2057.080209	[]	[]	[]	[]	C13_TP_2	4596618.285
F482	330.5456419	2057.145918	[]	[]	[]	[]	C13_TP_2	0.0
F483	551.0728614	2057.157786	[]	[]	[]	[]	C13_TP_2	65263.75238
F484	380.0819934	2057.169424	[]	[]	[]	[]	C13_TP_2	13449186.09
F485	662.0969406	2057.204621	[]	[]	[]	[]	C13_TP_2	0.0
F486	336.0640152	2057.258639	[]	[]	[]	[]	C13_TP_2	829134.7304
F487	757.1552789	2057.317989	[]	[]	[]	[]	C13_TP_2	1169644.885
F488	758.1587174	2057.34723	[]	[]	[]	[]	C13_TP_2	3111685.414
F489	759.1623124	2057.34723	[]	[]	[]	[]	C13_TP_2	4378768.366
F490	760.1655616	2057.34723	[]	[]	[]	[]	C13_TP_2	5307871.902
F491	761.1688053	2057.34723	[]	[]	[]	[]	C13_TP_2	5290440.032
F492	379.5804067	2057.478048	[]	[]	[]	[]	C13_TP_2	13184169.53
F493	374.0619573	2057.517089	[]	[]	[]	[]	C13_TP_2	0.0
F494	749.1289151	2057.646341	[]	[]	[]	[]	C13_TP_2	0.0
F495	750.1320416	2057.749063	[]	[]	[]	[]	C13_TP_2	0.0
F496	374.5635891	2057.755767	[]	[]	[]	[]	C13_TP_2	0.0
F497	378.5770013	2057.962267	[]	[]	[]	[]	C13_TP_2	7651215.03
F498	379.0787584	2057.962267	[]	[]	[]	[]	C13_TP_2	10979179.91
F499	378.0753354	2058.024653	[]	[]	[]	[]	C13_TP_2	4618295.104
F500	377.573615	2058.204723	[]	[]	[]	[]	C13_TP_2	1020898.421
F501	376.5704151	2058.399666	[]	[]	[]	[]	C13_TP_2	0.0
F502	697.1747048	2058.402091	[]	[]	[]	[]	C13_TP_2	3899463.469
F503	377.0720768	2058.486532	[]	[]	[]	[]	C13_TP_2	0.0
F504	696.1712754	2058.674842	[]	[]	[]	[]	C13_TP_2	3922232.744
F505	790.1047582	2058.983428	[]	[]	[]	[]	C13_TP_2	0.0
F506	414.1104752	2059.087694	[]	[]	[]	[]	C13_TP_2	1350763.167
F507	412.1035384	2059.676562	[]	[]	[]	[]	C13_TP_2	1144210.068
F1	336.0502181	660.163172	[]	[]	[]	[]	C13_WT_2	656381.9301
F2	164.0282572	660.3779496	[]	[]	[]	[]	C13_WT_2	2028652.869
F3	166.0349372	660.3784584	[]	[]	[]	[]	C13_WT_2	0.0
F4	335.0467697	660.4750752	[]	[]	[]	[]	C13_WT_2	14181355.11
F5	174.0408805	660.6308511	[]	[]	[]	[]	C13_WT_2	0.0
F6	165.0315147	660.9417998	[]	[]	[]	[]	C13_WT_2	406615.3382
F7	202.0359103	661.1359168	[]	[]	[]	[]	C13_WT_2	0.0
F8	209.0305294	662.2194477	[]	[]	[]	[]	C13_WT_2	1896954.048
F9	673.1397974	662.3055402	[]	[]	[]	[]	C13_WT_2	0.0
F10	170.0573865	662.640727	[]	[]	[]	[]	C13_WT_2	0.0
F11	215.0506921	663.2807756	[]	[]	[]	[]	C13_WT_2	0.0
F12	166.0438228	663.6057889	[]	[]	[]	[]	C13_WT_2	425322.9714
F13	210.0339549	663.6275907	[]	[]	[]	[]	C13_WT_2	2871094.54
F14	165.0404511	664.0229416	[]	[]	[]	[]	C13_WT_2	0.0
F15	667.1317933	664.559583	[]	[]	[]	[]	C13_WT_2	0.0
F16	288.0834801	665.6423621	[]	[]	[]	[]	C13_WT_2	0.0
F17	214.996698	665.6479839	[]	[]	[]	[]	C13_WT_2	0.0
F18	116.977692	666.642302	[]	[]	[]	[]	C13_WT_2	0.0
F19	117.0605156	667.1851886	[]	[]	[]	[]	C13_WT_2	0.0
F20	119.025753	667.779067	['Succinate']	[2]	[-2.1817883394469577]	[0.22093299999994542]	C13_WT_2	266171108.6
F21	121.0325365	667.8083938	['Succinate']	[4]	[-2.7556143963707154]	[0.19160620000002382]	C13_WT_2	31938232.83
F22	102.018843	667.8333866	[]	[]	[]	[]	C13_WT_2	1230089.686
F23	120.0291332	667.9255408	['Succinate']	[3]	[-2.3748734361647483]	[0.07445919999997841]	C13_WT_2	129533534.2
F24	99.00890544	667.9368057	[]	[]	[]	[]	C13_WT_2	2163602.353
F25	101.0154761	667.9930235	[]	[]	[]	[]	C13_WT_2	5324316.124
F26	100.0122877	668.0304828	[]	[]	[]	[]	C13_WT_2	2887574.226
F27	118.0224822	668.0678022	['Succinate']	[1]	[-2.91236037064073]	[-0.06780219999996007]	C13_WT_2	278110630.9
F28	119.0232843	668.1606593	[]	[]	[]	[]	C13_WT_2	0.0
F29	117.0191077	668.2791124	['Succinate']	[0]	[-2.7692827810507836]	[-0.2791124000000309]	C13_WT_2	179464947.3
F30	139.0069284	668.3354945	[]	[]	[]	[]	C13_WT_2	716458.8363
F31	411.0208843	668.3416396	[]	[]	[]	[]	C13_WT_2	0.0
F32	632.1860625	668.6791302	[]	[]	[]	[]	C13_WT_2	6111229.815
F33	633.1894639	669.2799204	[]	[]	[]	[]	C13_WT_2	2576058.75
F34	631.1829443	669.2799937	[]	[]	[]	[]	C13_WT_2	7574570.621
F35	161.0454682	669.5405488	[]	[]	[]	[]	C13_WT_2	0.0
F36	122.0334649	669.8077746	[]	[]	[]	[]	C13_WT_2	0.0
F37	103.0222067	670.0787745	[]	[]	[]	[]	C13_WT_2	0.0
F38	629.1760591	670.079193	[]	[]	[]	[]	C13_WT_2	0.0
F39	163.0522628	670.1668392	[]	[]	[]	[]	C13_WT_2	3282775.86
F40	630.1795646	670.1901908	[]	[]	[]	[]	C13_WT_2	1729568.689
F41	165.0589393	670.2707187	[]	[]	[]	[]	C13_WT_2	2250016.598
F42	164.0556029	670.3602088	[]	[]	[]	[]	C13_WT_2	4151066.66
F43	162.048915	670.3925584	[]	[]	[]	[]	C13_WT_2	5063928.882
F44	348.1244955	670.4829325	[]	[]	[]	[]	C13_WT_2	0.0
F45	347.1215077	671.1489309	[]	[]	[]	[]	C13_WT_2	11261401.23
F46	688.2245147	671.2464311	[]	[]	[]	[]	C13_WT_2	2082190.45
F47	346.1181432	671.3881428	[]	[]	[]	[]	C13_WT_2	25398374.35
F48	259.0576094	671.4022425	[]	[]	[]	[]	C13_WT_2	0.0
F49	345.1148133	671.4026298	[]	[]	[]	[]	C13_WT_2	38189651.42
F50	344.1114347	671.421149	[]	[]	[]	[]	C13_WT_2	55624420.68
F51	336.0779607	671.6013241	[]	[]	[]	[]	C13_WT_2	867513.9314
F52	343.1080589	671.6167186	[]	[]	[]	[]	C13_WT_2	46359405.36
F53	335.0746133	671.6753138	[]	[]	[]	[]	C13_WT_2	822764.4347
F54	563.1094425	671.6991356	[]	[]	[]	[]	C13_WT_2	0.0
F55	682.0874113	671.7089432	[]	[]	[]	[]	C13_WT_2	0.0
F56	579.1045839	671.8014041	[]	[]	[]	[]	C13_WT_2	0.0
F57	687.2216543	671.9179046	[]	[]	[]	[]	C13_WT_2	3467180.728
F58	685.2150733	672.0029124	[]	[]	[]	[]	C13_WT_2	6121397.733
F59	686.2184242	672.0304542	[]	[]	[]	[]	C13_WT_2	2155039.729
F60	342.1047132	672.0476608	[]	[]	[]	[]	C13_WT_2	56235486.11
F61	245.0256827	672.0616676	[]	[]	[]	[]	C13_WT_2	0.0
F62	341.1013432	672.088166	[]	[]	[]	[]	C13_WT_2	113455680.9
F63	340.0980223	672.1612434	[]	[]	[]	[]	C13_WT_2	167548063.3
F64	684.2117533	672.1887407	[]	[]	[]	[]	C13_WT_2	7025990.839
F65	339.094682	672.2153097	[]	[]	[]	[]	C13_WT_2	227731431.6
F66	340.0956688	672.232583	[]	[]	[]	[]	C13_WT_2	0.0
F67	683.2082959	672.2418787	[]	[]	[]	[]	C13_WT_2	7387709.741
F68	313.006822	672.2498728	[]	[]	[]	[]	C13_WT_2	0.0
F69	338.0913523	672.2776673	[]	[]	[]	[]	C13_WT_2	131793638.4
F70	333.0677438	672.2883828	[]	[]	[]	[]	C13_WT_2	0.0
F71	339.0924508	672.2883828	[]	[]	[]	[]	C13_WT_2	0.0
F72	682.204936	672.3603037	[]	[]	[]	[]	C13_WT_2	3668386.24
F73	680.198324	672.4153899	[]	[]	[]	[]	C13_WT_2	11650951.05
F74	681.2016914	672.4153899	[]	[]	[]	[]	C13_WT_2	10563960.08
F75	678.191774	672.4177325	[]	[]	[]	[]	C13_WT_2	6418589.246
F76	275.0527982	672.4435679	[]	[]	[]	[]	C13_WT_2	0.0
F77	337.087792	672.4919039	[]	[]	[]	[]	C13_WT_2	0.0
F78	679.1950304	672.5179076	[]	[]	[]	[]	C13_WT_2	10494595.54
F79	677.1867258	672.5515075	[]	[]	[]	[]	C13_WT_2	0.0
F80	677.1880502	672.6767108	[]	[]	[]	[]	C13_WT_2	0.0
F81	676.184755	672.7065985	[]	[]	[]	[]	C13_WT_2	0.0
F82	714.1400892	672.7543772	[]	[]	[]	[]	C13_WT_2	0.0
F83	713.1371976	672.7576079	[]	[]	[]	[]	C13_WT_2	0.0
F84	675.1814404	672.8148391	[]	[]	[]	[]	C13_WT_2	0.0
F85	244.0223077	672.8255591	[]	[]	[]	[]	C13_WT_2	0.0
F86	511.0880895	672.8752306	[]	[]	[]	[]	C13_WT_2	0.0
F87	436.0587568	672.9322735	[]	[]	[]	[]	C13_WT_2	1086108.927
F88	439.0689208	673.133418	[]	[]	[]	[]	C13_WT_2	65929.53794
F89	435.054646	673.1373587	[]	[]	[]	[]	C13_WT_2	0.0
F90	233.0775359	673.1609929	[]	[]	[]	[]	C13_WT_2	2908665.7
F91	247.0575705	673.2101928	[]	[]	[]	[]	C13_WT_2	0.0
F92	234.0808246	673.241588	[]	[]	[]	[]	C13_WT_2	0.0
F93	371.0238338	673.2482242	[]	[]	[]	[]	C13_WT_2	0.0
F94	195.8109684	673.2534199	[]	[]	[]	[]	C13_WT_2	0.0
F95	235.0841657	673.306861	[]	[]	[]	[]	C13_WT_2	577331.6002
F96	437.0613836	673.4306553	[]	[]	[]	[]	C13_WT_2	4212900.449
F97	232.0740755	673.497071	[]	[]	[]	[]	C13_WT_2	2299451.612
F98	423.081667	673.6681395	[]	[]	[]	[]	C13_WT_2	971668.8584
F99	438.0651587	673.730494	[]	[]	[]	[]	C13_WT_2	2942924.743
F100	231.0707215	673.7351074	[]	[]	[]	[]	C13_WT_2	1690662.304
F101	569.089304	673.7404485	[]	[]	[]	[]	C13_WT_2	0.0
F102	541.0895231	673.9314336	[]	[]	[]	[]	C13_WT_2	1442885.733
F103	230.0672972	673.9980652	[]	[]	[]	[]	C13_WT_2	0.0
F104	421.0748852	674.0207182	[]	[]	[]	[]	C13_WT_2	0.0
F105	542.0928565	674.208991	[]	[]	[]	[]	C13_WT_2	2104488.353
F106	537.1039428	674.2610235	[]	[]	[]	[]	C13_WT_2	0.0
F107	539.0831165	674.2610235	[]	[]	[]	[]	C13_WT_2	0.0
F108	502.1453302	674.3360685	[]	[]	[]	[]	C13_WT_2	0.0
F109	501.1421797	674.3951641	[]	[]	[]	[]	C13_WT_2	1642675.048
F110	543.095985	674.4794651	[]	[]	[]	[]	C13_WT_2	0.0
F111	540.0861909	674.5457509	[]	[]	[]	[]	C13_WT_2	0.0
F112	175.061139	674.6046936	[]	[]	[]	[]	C13_WT_2	0.0
F113	500.138766	674.6101777	[]	[]	[]	[]	C13_WT_2	2235239.263
F114	162.0423192	674.6521507	[]	[]	[]	[]	C13_WT_2	13455236.54
F115	498.1321807	674.7300043	[]	[]	[]	[]	C13_WT_2	2298061.966
F116	499.1355396	674.7364933	[]	[]	[]	[]	C13_WT_2	2609805.633
F117	503.1486579	674.7898184	[]	[]	[]	[]	C13_WT_2	0.0
F118	497.1286033	674.8684993	[]	[]	[]	[]	C13_WT_2	1353740.09
F119	496.1254151	675.0489014	[]	[]	[]	[]	C13_WT_2	0.0
F120	161.0388779	675.16808	[]	[]	[]	[]	C13_WT_2	81554299.23
F121	117.0488688	675.2529098	[]	[]	[]	[]	C13_WT_2	30016462.3
F122	495.12198	675.274084	[]	[]	[]	[]	C13_WT_2	0.0
F123	114.0324207	675.3953671	[]	[]	[]	[]	C13_WT_2	0.0
F124	323.0837026	675.3955079	[]	[]	[]	[]	C13_WT_2	1448323.562
F125	158.022644	675.4165131	[]	[]	[]	[]	C13_WT_2	0.0
F126	115.0396814	675.5036972	[]	[]	[]	[]	C13_WT_2	0.0
F127	160.0354847	675.5097501	[]	[]	[]	[]	C13_WT_2	175892993.0
F128	116.0455097	675.6019228	[]	[]	[]	[]	C13_WT_2	97120513.77
F129	322.0804097	675.6019228	[]	[]	[]	[]	C13_WT_2	4789354.165
F130	99.01930309	675.6035778	[]	[]	[]	[]	C13_WT_2	0.0
F131	987.3112544	675.6403216	[]	[]	[]	[]	C13_WT_2	0.0
F132	159.0321194	675.7161981	[]	[]	[]	[]	C13_WT_2	265088411.9
F133	115.0421395	675.7245656	[]	[]	[]	[]	C13_WT_2	128667847.5
F134	537.0913437	675.7308268	[]	[]	[]	[]	C13_WT_2	1244946.321
F135	98.01592258	675.767575	[]	[]	[]	[]	C13_WT_2	797091.3331
F136	321.0771877	675.767575	[]	[]	[]	[]	C13_WT_2	11532681.91
F137	97.01254822	675.859809	[]	[]	[]	[]	C13_WT_2	2532045.597
F138	89.02440829	675.8635819	[]	[]	[]	[]	C13_WT_2	0.0
F139	536.0880745	675.9566003	[]	[]	[]	[]	C13_WT_2	1055280.292
F140	159.0295485	676.0008799	[]	[]	[]	[]	C13_WT_2	0.0
F141	320.0739219	676.025405	[]	[]	[]	[]	C13_WT_2	22196654.22
F142	158.0287614	676.0755468	[]	[]	[]	[]	C13_WT_2	369749879.7
F143	114.0387556	676.1227984	[]	[]	[]	[]	C13_WT_2	110882107.1
F144	533.0782612	676.1766855	[]	[]	[]	[]	C13_WT_2	0.0
F145	319.0706221	676.1989568	[]	[]	[]	[]	C13_WT_2	33148791.95
F146	318.0672681	676.283012	[]	[]	[]	[]	C13_WT_2	38169309.59
F147	113.0354516	676.3665722	[]	[]	[]	[]	C13_WT_2	176049819.9
F148	96.00919321	676.385799	[]	[]	[]	[]	C13_WT_2	1874546.713
F149	317.0639088	676.3945975	[]	[]	[]	[]	C13_WT_2	34695054.27
F150	157.0253836	676.4404576	[]	[]	[]	[]	C13_WT_2	215065583.2
F151	137.0275004	676.4604364	['Malate']	[4]	[-2.793592519051782]	[-0.4604364000000487]	C13_WT_2	28994270.58
F152	259.0163574	676.4684543	[]	[]	[]	[]	C13_WT_2	3007405.36
F153	534.081381	676.5431823	[]	[]	[]	[]	C13_WT_2	0.0
F154	136.024129	676.5620229	['Malate']	[3]	[-2.692419372032726]	[-0.5620228999999881]	C13_WT_2	97127965.25
F155	135.0208168	676.6045604	['Malate']	[2]	[-3.0281923165768556]	[-0.6045603999999685]	C13_WT_2	154077393.8
F156	316.0606223	676.6904515	[]	[]	[]	[]	C13_WT_2	21822590.09
F157	157.0896984	676.7152711	[]	[]	[]	[]	C13_WT_2	0.0
F158	317.0618695	676.7291179	[]	[]	[]	[]	C13_WT_2	0.0
F159	91.03114208	676.7486396	[]	[]	[]	[]	C13_WT_2	425528.2791
F160	156.9610157	676.7939931	[]	[]	[]	[]	C13_WT_2	0.0
F161	90.0277661	676.7959179	[]	[]	[]	[]	C13_WT_2	1715328.982
F162	258.0129627	676.8023348	[]	[]	[]	[]	C13_WT_2	6751681.198
F163	315.057125	676.8246505	[]	[]	[]	[]	C13_WT_2	6291689.6
F164	92.03451837	676.8642071	[]	[]	[]	[]	C13_WT_2	0.0
F165	134.0174803	676.8898827	['Malate']	[1]	[-3.1876737200244176]	[-0.8898827000000438]	C13_WT_2	218743897.0
F166	133.0140851	676.8952154	['Malate']	[0]	[-2.9082559166254343]	[-0.8952153999999837]	C13_WT_2	155940888.7
F167	138.028358	676.913583	[]	[]	[]	[]	C13_WT_2	0.0
F168	135.018344	676.9777652	[]	[]	[]	[]	C13_WT_2	0.0
F169	257.0096179	677.0299965	[]	[]	[]	[]	C13_WT_2	9800096.495
F170	119.017101	677.1352979	[]	[]	[]	[]	C13_WT_2	0.0
F171	116.0261977	677.3130561	[]	[]	[]	[]	C13_WT_2	4140338.324
F172	139.0317961	677.3962726	[]	[]	[]	[]	C13_WT_2	0.0
F173	115.0228278	677.4853465	[]	[]	[]	[]	C13_WT_2	7680533.745
F174	117.0102425	677.5412531	[]	[]	[]	[]	C13_WT_2	9063247.75
F175	256.0063522	677.5470015	[]	[]	[]	[]	C13_WT_2	13968010.26
F176	357.0267571	677.6477631	[]	[]	[]	[]	C13_WT_2	1715329.397
F177	358.0301447	677.6759759	[]	[]	[]	[]	C13_WT_2	611226.2444
F178	134.9695374	677.713408	[]	[]	[]	[]	C13_WT_2	0.0
F179	275.0223789	677.714038	[]	[]	[]	[]	C13_WT_2	0.0
F180	256.9513326	677.8352524	[]	[]	[]	[]	C13_WT_2	0.0
F181	114.0194378	677.8450903	[]	[]	[]	[]	C13_WT_2	5740825.591
F182	116.0068468	677.863253	[]	[]	[]	[]	C13_WT_2	14197564.27
F183	118.0136756	677.8694504	[]	[]	[]	[]	C13_WT_2	4606107.667
F184	356.0233662	677.876159	[]	[]	[]	[]	C13_WT_2	1978038.177
F185	255.0029739	677.9216404	[]	[]	[]	[]	C13_WT_2	8222622.306
F186	115.003462	677.9896953	[]	[]	[]	[]	C13_WT_2	12271846.37
F187	355.0199783	678.1489733	[]	[]	[]	[]	C13_WT_2	1792096.224
F188	353.013189	678.5253016	[]	[]	[]	[]	C13_WT_2	0.0
F189	179.0198477	678.8372348	[]	[]	[]	[]	C13_WT_2	0.0
F190	354.0166746	679.1851445	[]	[]	[]	[]	C13_WT_2	551346.3485
F191	399.0441485	679.3506134	[]	[]	[]	[]	C13_WT_2	0.0
F192	329.0017384	679.3614068	[]	[]	[]	[]	C13_WT_2	0.0
F193	280.0380703	680.0360252	[]	[]	[]	[]	C13_WT_2	0.0
F194	247.0212631	680.0633368	[]	[]	[]	[]	C13_WT_2	0.0
F195	335.0221105	680.067227	[]	[]	[]	[]	C13_WT_2	0.0
F196	279.0347236	680.154549	[]	[]	[]	[]	C13_WT_2	0.0
F197	334.0187382	680.4163211	[]	[]	[]	[]	C13_WT_2	0.0
F198	333.0153568	680.5102383	[]	[]	[]	[]	C13_WT_2	0.0
F199	332.0120446	680.5219864	[]	[]	[]	[]	C13_WT_2	0.0
F200	200.0025478	680.668032	[]	[]	[]	[]	C13_WT_2	0.0
F201	278.0313836	680.7641989	[]	[]	[]	[]	C13_WT_2	0.0
F202	128.0352062	880.0687913	[]	[]	[]	[]	C13_WT_2	0.0
F203	102.0560248	880.1652528	[]	[]	[]	[]	C13_WT_2	72801.72164
F204	146.0458162	880.1890071	[]	[]	[]	[]	C13_WT_2	0.0
F205	147.0491874	880.4043098	[]	[]	[]	[]	C13_WT_2	17212940.2
F206	498.9334446	880.5417221	[]	[]	[]	[]	C13_WT_2	517887.7558
F207	129.0385575	880.8754731	[]	[]	[]	[]	C13_WT_2	144220.9083
F208	493.9166079	881.0472183	[]	[]	[]	[]	C13_WT_2	4576847.437
F209	149.0275637	882.6815354	['a-KG']	[4]	[-2.9933992674904424]	[0.31846459999997023]	C13_WT_2	5397700.943
F210	148.0242914	882.6924314	['a-KG']	[3]	[-3.5712651957708874]	[0.3075685999999678]	C13_WT_2	14028519.05
F211	147.0209112	882.7702434	['a-KG']	[2]	[-3.42311169138239]	[0.22975659999997333]	C13_WT_2	20727520.72
F212	103.0311136	882.9956723	[]	[]	[]	[]	C13_WT_2	8453090.466
F213	104.0344619	883.0162718	[]	[]	[]	[]	C13_WT_2	4402143.122
F214	150.0309679	883.2390836	['a-KG']	[5]	[-3.3024115417359123]	[-0.2390835999999581]	C13_WT_2	632157.4526
F215	105.0376526	883.2718296	[]	[]	[]	[]	C13_WT_2	1346262.379
F216	101.0243794	883.5442413	[]	[]	[]	[]	C13_WT_2	5698504.882
F217	146.0175602	883.5449374	['a-KG']	[1]	[-3.4728973644302017]	[-0.5449373999999807]	C13_WT_2	18891946.67
F218	492.9133497	883.5449374	[]	[]	[]	[]	C13_WT_2	0.0
F219	362.9978467	883.5757672	[]	[]	[]	[]	C13_WT_2	0.0
F220	145.0141805	883.6131566	['a-KG']	[0]	[-3.325460988328737]	[-0.6131566000000248]	C13_WT_2	13047784.94
F221	102.0277193	883.8006332	[]	[]	[]	[]	C13_WT_2	4401111.494
F222	361.9947742	884.7705903	[]	[]	[]	[]	C13_WT_2	0.0
F223	413.0702405	885.4047231	[]	[]	[]	[]	C13_WT_2	0.0
F224	411.0636715	885.5803347	[]	[]	[]	[]	C13_WT_2	0.0
F225	494.9103853	885.678015	[]	[]	[]	[]	C13_WT_2	0.0
F226	410.0602965	885.7277509	[]	[]	[]	[]	C13_WT_2	0.0
F227	409.0569685	885.8191218	[]	[]	[]	[]	C13_WT_2	0.0
F228	412.0669624	886.081464	[]	[]	[]	[]	C13_WT_2	0.0
F229	408.053645	886.2522925	[]	[]	[]	[]	C13_WT_2	0.0
F230	363.0091062	886.7581439	[]	[]	[]	[]	C13_WT_2	28948695.37
F231	265.0430572	887.0269815	['G6P']	[6]	[-3.9021040993125196]	[2.9730184999999665]	C13_WT_2	58046685.04
F232	267.0473847	887.38402	[]	[]	[]	[]	C13_WT_2	468572.5498
F233	264.039769	887.3986367	['G6P']	[5]	[-4.169298451365041]	[2.6013633000000027]	C13_WT_2	5099856.407
F234	362.0056755	887.5371528	[]	[]	[]	[]	C13_WT_2	2646696.831
F235	202.0116237	887.5617043	[]	[]	[]	[]	C13_WT_2	0.0
F236	361.0022864	887.5656553	[]	[]	[]	[]	C13_WT_2	5638047.593
F237	263.0364017	887.5795766	['G6P']	[4]	[-4.137813599025385]	[2.420423400000004]	C13_WT_2	5622390.282
F238	359.9982433	887.6096547	[]	[]	[]	[]	C13_WT_2	6223046.933
F239	529.0858852	887.6538899	[]	[]	[]	[]	C13_WT_2	0.0
F240	200.0049458	887.684646	[]	[]	[]	[]	C13_WT_2	0.0
F241	365.0045541	887.7814442	[]	[]	[]	[]	C13_WT_2	927230.8339
F242	262.0328255	887.8226326	['G6P']	[3]	[-3.3088625378241776]	[2.17736739999998]	C13_WT_2	10112868.93
F243	358.9957521	887.8399837	[]	[]	[]	[]	C13_WT_2	15376335.4
F244	752.9385496	888.0130492	[]	[]	[]	[]	C13_WT_2	0.0
F245	261.02965	888.0154581	['G6P']	[2]	[-4.008608217565943]	[1.9845418999999538]	C13_WT_2	31503080.64
F246	405.0434265	888.0866456	[]	[]	[]	[]	C13_WT_2	0.0
F247	359.9879248	888.2106771	[]	[]	[]	[]	C13_WT_2	4299774.46
F248	201.0081354	888.2766496	[]	[]	[]	[]	C13_WT_2	0.0
F249	203.0150755	888.3927682	[]	[]	[]	[]	C13_WT_2	631059.7689
F250	528.0827619	888.4392083	[]	[]	[]	[]	C13_WT_2	274061.6433
F251	619.0222718	888.4820816	[]	[]	[]	[]	C13_WT_2	0.0
F252	790.1139806	888.7012558	[]	[]	[]	[]	C13_WT_2	0.0
F253	789.1106501	888.868828	[]	[]	[]	[]	C13_WT_2	0.0
F254	357.9923548	888.922053	[]	[]	[]	[]	C13_WT_2	128877754.3
F255	260.0262427	889.0268926	['G6P']	[1]	[-3.8223088165560233]	[0.9731074000000035]	C13_WT_2	260445467.8
F256	787.1034984	889.0466917	[]	[]	[]	[]	C13_WT_2	0.0
F257	139.9834629	889.0590399	[]	[]	[]	[]	C13_WT_2	0.0
F258	199.0018085	889.0924681	[]	[]	[]	[]	C13_WT_2	2747839.259
F259	788.1070605	889.2629883	[]	[]	[]	[]	C13_WT_2	0.0
F260	531.0929503	889.3044056	[]	[]	[]	[]	C13_WT_2	451629.5295
F261	527.0796074	889.4553347	[]	[]	[]	[]	C13_WT_2	526612.0199
F262	526.0762988	889.4726337	[]	[]	[]	[]	C13_WT_2	7993898.962
F263	525.0728123	889.9091891	[]	[]	[]	[]	C13_WT_2	1320180.58
F264	358.9938368	889.9200146	[]	[]	[]	[]	C13_WT_2	0.0
F265	522.0629233	889.9444892	[]	[]	[]	[]	C13_WT_2	4550042.839
F266	523.065717	889.9918731	[]	[]	[]	[]	C13_WT_2	2273384.221
F267	661.9949566	889.9918731	[]	[]	[]	[]	C13_WT_2	399084.7136
F268	524.0695197	889.9959332	[]	[]	[]	[]	C13_WT_2	2003999.936
F269	356.9889981	890.0711769	[]	[]	[]	[]	C13_WT_2	3668016.566
F270	261.0271366	890.0792576	[]	[]	[]	[]	C13_WT_2	0.0
F271	525.0916658	890.08565	[]	[]	[]	[]	C13_WT_2	0.0
F272	259.0228062	890.2012457	['G6P']	[0]	[-3.5218350590525547]	[-0.20124569999995856]	C13_WT_2	6963231.576
F273	521.059538	890.2513703	[]	[]	[]	[]	C13_WT_2	17771945.17
F274	358.9845488	890.2595496	[]	[]	[]	[]	C13_WT_2	0.0
F275	617.0158929	890.2867616	[]	[]	[]	[]	C13_WT_2	0.0
F276	138.9801149	890.3793422	[]	[]	[]	[]	C13_WT_2	317556.9618
F277	656.9785192	890.5103751	[]	[]	[]	[]	C13_WT_2	1821631.627
F278	397.0761374	890.587002	[]	[]	[]	[]	C13_WT_2	0.0
F279	524.0886788	890.8405169	[]	[]	[]	[]	C13_WT_2	0.0
F280	350.0202929	891.7431253	[]	[]	[]	[]	C13_WT_2	1139522.66
F281	559.0111894	891.902924	[]	[]	[]	[]	C13_WT_2	392348.4607
F282	520.0560786	891.9198881	[]	[]	[]	[]	C13_WT_2	577138.7879
F283	395.9482461	891.9704955	[]	[]	[]	[]	C13_WT_2	3765207.913
F284	522.0821529	892.1013731	[]	[]	[]	[]	C13_WT_2	0.0
F285	523.085418	892.1013731	[]	[]	[]	[]	C13_WT_2	0.0
F286	521.0574518	892.1973748	[]	[]	[]	[]	C13_WT_2	0.0
F287	519.0528156	892.2961264	[]	[]	[]	[]	C13_WT_2	0.0
F288	914.9998709	892.300267	[]	[]	[]	[]	C13_WT_2	0.0
F289	654.9718116	892.5500128	[]	[]	[]	[]	C13_WT_2	0.0
F290	779.0777484	892.5628976	[]	[]	[]	[]	C13_WT_2	0.0
F291	509.0677427	893.0460292	[]	[]	[]	[]	C13_WT_2	0.0
F292	508.0647749	893.6699957	[]	[]	[]	[]	C13_WT_2	0.0
F293	394.9449526	893.7781726	[]	[]	[]	[]	C13_WT_2	0.0
F294	817.0336049	893.7911108	[]	[]	[]	[]	C13_WT_2	0.0
F295	349.0169053	893.8104398	[]	[]	[]	[]	C13_WT_2	0.0
F296	247.0414732	893.9315105	[]	[]	[]	[]	C13_WT_2	0.0
F297	344.0041662	893.9315105	[]	[]	[]	[]	C13_WT_2	0.0
F298	248.0447083	894.0091752	[]	[]	[]	[]	C13_WT_2	0.0
F299	520.0752586	894.0829865	[]	[]	[]	[]	C13_WT_2	1086544.648
F300	557.0045514	894.2905648	[]	[]	[]	[]	C13_WT_2	0.0
F301	507.0617892	894.5188871	[]	[]	[]	[]	C13_WT_2	0.0
F302	506.0585775	894.7816284	[]	[]	[]	[]	C13_WT_2	0.0
F303	245.034523	895.0433435	[]	[]	[]	[]	C13_WT_2	0.0
F304	122.975607	895.3599246	[]	[]	[]	[]	C13_WT_2	0.0
F305	518.0687711	895.3919956	[]	[]	[]	[]	C13_WT_2	0.0
F306	246.0379934	895.624195	[]	[]	[]	[]	C13_WT_2	0.0
F307	171.9914389	895.6521587	[]	[]	[]	[]	C13_WT_2	1503286.653
F308	140.9862862	895.743889	[]	[]	[]	[]	C13_WT_2	0.0
F309	505.055267	895.759446	[]	[]	[]	[]	C13_WT_2	0.0
F310	504.052048	895.7684776	[]	[]	[]	[]	C13_WT_2	0.0
F311	169.9846522	896.0687776	[]	[]	[]	[]	C13_WT_2	3676476.036
F312	461.0162046	896.1267735	[]	[]	[]	[]	C13_WT_2	0.0
F313	170.9880584	896.1295786	[]	[]	[]	[]	C13_WT_2	186191.4814
F314	168.9812972	896.1473555	[]	[]	[]	[]	C13_WT_2	2787886.529
F315	150.9705666	896.1521669	[]	[]	[]	[]	C13_WT_2	0.0
F316	170.9771022	896.5823104	[]	[]	[]	[]	C13_WT_2	0.0
F317	244.0313137	898.3210487	[]	[]	[]	[]	C13_WT_2	59962.08594
F318	341.9975446	898.4040982	[]	[]	[]	[]	C13_WT_2	1290002.038
F319	340.9940183	899.6029539	[]	[]	[]	[]	C13_WT_2	0.0
F320	243.0279172	899.80644	[]	[]	[]	[]	C13_WT_2	0.0
F321	312.0383548	971.1451719	[]	[]	[]	[]	C13_WT_2	0.0
F322	141.0920626	972.4217103	[]	[]	[]	[]	C13_WT_2	853846.6277
F323	185.0820397	972.5465177	[]	[]	[]	[]	C13_WT_2	1927115.604
F324	227.0613741	974.4880247	[]	[]	[]	[]	C13_WT_2	404564.4359
F325	226.0579958	975.012868	[]	[]	[]	[]	C13_WT_2	631311.1582
F326	320.0105346	975.2191676	[]	[]	[]	[]	C13_WT_2	0.0
F327	225.0546011	975.2196816	[]	[]	[]	[]	C13_WT_2	1814890.099
F328	224.0512645	975.3730789	[]	[]	[]	[]	C13_WT_2	2087157.605
F329	223.0478074	975.5488963	[]	[]	[]	[]	C13_WT_2	2171658.381
F330	222.0444947	975.809511	[]	[]	[]	[]	C13_WT_2	1034489.617
F331	206.0130774	975.9593816	[]	[]	[]	[]	C13_WT_2	0.0
F332	331.0529881	976.0739816	[]	[]	[]	[]	C13_WT_2	0.0
F333	224.0403493	976.2821691	[]	[]	[]	[]	C13_WT_2	0.0
F334	330.0491741	977.418858	[]	[]	[]	[]	C13_WT_2	0.0
F335	332.055978	977.4424932	[]	[]	[]	[]	C13_WT_2	0.0
F336	120.0177587	978.4218327	[]	[]	[]	[]	C13_WT_2	0.0
F337	238.0385137	978.6474228	[]	[]	[]	[]	C13_WT_2	0.0
F338	236.0318032	978.6803901	[]	[]	[]	[]	C13_WT_2	0.0
F339	119.0168694	978.7949858	['Fumarate']	[4]	[-2.659147409895671]	[0.20501420000005055]	C13_WT_2	2915374.588
F340	153.9903653	978.9399275	[]	[]	[]	[]	C13_WT_2	0.0
F341	235.0284573	978.9399275	[]	[]	[]	[]	C13_WT_2	0.0
F342	237.0352052	978.9399275	[]	[]	[]	[]	C13_WT_2	0.0
F343	232.8837574	978.9887529	[]	[]	[]	[]	C13_WT_2	82183.49512
F344	234.024836	979.1349503	[]	[]	[]	[]	C13_WT_2	0.0
F345	117.0101922	979.1586032	['Fumarate']	[2]	[-2.982247900339191]	[-0.15860320000001593]	C13_WT_2	16070173.47
F346	118.01356	979.1586032	['Fumarate']	[3]	[-3.0667526681085784]	[-0.15860320000001593]	C13_WT_2	9855993.734
F347	154.9841091	979.1586032	[]	[]	[]	[]	C13_WT_2	0.0
F348	233.0213542	979.1586032	[]	[]	[]	[]	C13_WT_2	0.0
F349	229.0122152	979.4449753	[]	[]	[]	[]	C13_WT_2	0.0
F350	116.0068189	979.5269264	['Fumarate']	[1]	[-2.848870464078754]	[-0.5269263999999794]	C13_WT_2	22073146.66
F351	151.983654	979.5458734	[]	[]	[]	[]	C13_WT_2	10029.83145
F352	115.0034523	979.6168274	['Fumarate']	[0]	[-2.7714246279152674]	[-0.6168274000000338]	C13_WT_2	8417533.029
F353	117.0077339	979.8652961	[]	[]	[]	[]	C13_WT_2	0.0
F354	150.980306	979.8664142	[]	[]	[]	[]	C13_WT_2	0.0
F355	152.9773598	979.9512913	[]	[]	[]	[]	C13_WT_2	0.0
F356	214.9876284	979.9978897	[]	[]	[]	[]	C13_WT_2	137819.6657
F357	213.9842884	980.6039094	[]	[]	[]	[]	C13_WT_2	335379.6521
F358	212.9809424	980.7024431	[]	[]	[]	[]	C13_WT_2	7561.466108
F359	96.96019085	981.8221256	[]	[]	[]	[]	C13_WT_2	1744718700.0
F360	324.0748677	982.2182749	[]	[]	[]	[]	C13_WT_2	0.0
F361	194.9276565	982.4219221	[]	[]	[]	[]	C13_WT_2	248313.8118
F362	194.9371538	983.8282342	[]	[]	[]	[]	C13_WT_2	57008.24015
F363	232.8931136	983.9156065	[]	[]	[]	[]	C13_WT_2	0.0
F364	228.0976363	983.930522	[]	[]	[]	[]	C13_WT_2	0.0
F365	225.0876128	984.2646566	[]	[]	[]	[]	C13_WT_2	336830.1296
F366	219.9787546	984.3063509	[]	[]	[]	[]	C13_WT_2	0.0
F367	103.0594433	984.3163608	[]	[]	[]	[]	C13_WT_2	3983654.587
F368	130.0418916	984.5213013	[]	[]	[]	[]	C13_WT_2	10030595.77
F369	227.0942598	984.554989	[]	[]	[]	[]	C13_WT_2	209344.9877
F370	148.0525713	984.5551258	[]	[]	[]	[]	C13_WT_2	41755910.46
F371	104.0628094	984.5634651	[]	[]	[]	[]	C13_WT_2	4112762.692
F372	226.0910107	984.5833904	[]	[]	[]	[]	C13_WT_2	128493.5695
F373	150.0592429	984.6612191	[]	[]	[]	[]	C13_WT_2	22982111.45
F374	222.0774894	984.7841621	[]	[]	[]	[]	C13_WT_2	0.0
F375	149.0558496	984.8717497	[]	[]	[]	[]	C13_WT_2	29820242.03
F376	147.0492086	984.8810966	[]	[]	[]	[]	C13_WT_2	71640380.63
F377	244.0231661	984.9065156	[]	[]	[]	[]	C13_WT_2	0.0
F378	146.0458264	984.9316852	[]	[]	[]	[]	C13_WT_2	39107152.97
F379	128.0352096	985.0161395	[]	[]	[]	[]	C13_WT_2	0.0
F380	102.0560669	985.0166742	[]	[]	[]	[]	C13_WT_2	55820.21737
F381	129.0385802	985.0319837	[]	[]	[]	[]	C13_WT_2	4041776.912
F382	223.0808902	985.143561	[]	[]	[]	[]	C13_WT_2	13723.97753
F383	224.084226	985.1937417	[]	[]	[]	[]	C13_WT_2	167560.5852
F384	151.0626228	986.0049055	[]	[]	[]	[]	C13_WT_2	2567227.146
F385	304.0611719	987.9591355	[]	[]	[]	[]	C13_WT_2	0.0
F386	401.078369	2040.016399	[]	[]	[]	[]	C13_WT_2	0.0
F387	178.051015	2040.193136	[]	[]	[]	[]	C13_WT_2	0.0
F388	516.1589703	2045.362596	[]	[]	[]	[]	C13_WT_2	0.0
F389	166.9750994	2046.450622	[]	[]	[]	[]	C13_WT_2	0.0
F390	330.0333666	2046.824587	[]	[]	[]	[]	C13_WT_2	0.0
F391	329.0304114	2047.25856	[]	[]	[]	[]	C13_WT_2	0.0
F392	140.982893	2047.586217	[]	[]	[]	[]	C13_WT_2	500883.3301
F393	80.96509476	2047.872504	[]	[]	[]	[]	C13_WT_2	0.0
F394	154.9821287	2048.00598	[]	[]	[]	[]	C13_WT_2	0.0
F395	153.9896904	2048.064065	[]	[]	[]	[]	C13_WT_2	0.0
F396	198.9803514	2048.071558	[]	[]	[]	[]	C13_WT_2	0.0
F397	197.9797332	2048.074295	[]	[]	[]	[]	C13_WT_2	0.0
F398	196.9762903	2048.168106	[]	[]	[]	[]	C13_WT_2	5779336.489
F399	152.9862736	2048.178437	[]	[]	[]	[]	C13_WT_2	1033339.438
F400	198.9721503	2048.178437	[]	[]	[]	[]	C13_WT_2	0.0
F401	197.9756335	2048.196497	[]	[]	[]	[]	C13_WT_2	0.0
F402	637.0430294	2049.522581	[]	[]	[]	[]	C13_WT_2	0.0
F403	740.1247554	2049.572486	[]	[]	[]	[]	C13_WT_2	0.0
F404	318.018659	2049.621796	[]	[]	[]	[]	C13_WT_2	0.0
F405	744.1389468	2049.835867	[]	[]	[]	[]	C13_WT_2	0.0
F406	745.1422259	2049.835867	[]	[]	[]	[]	C13_WT_2	0.0
F407	742.1322979	2049.848438	[]	[]	[]	[]	C13_WT_2	0.0
F408	463.9781224	2049.910227	[]	[]	[]	[]	C13_WT_2	0.0
F409	385.03742	2050.051954	[]	[]	[]	[]	C13_WT_2	0.0
F410	743.1355669	2050.100328	[]	[]	[]	[]	C13_WT_2	0.0
F411	428.0265701	2050.2281	['ADP']	[2]	[4.042358397441604]	[-0.228099999999813]	C13_WT_2	0.0
F412	741.1288735	2050.264127	[]	[]	[]	[]	C13_WT_2	0.0
F413	867.093699	2050.294612	[]	[]	[]	[]	C13_WT_2	0.0
F414	659.9283346	2050.360366	[]	[]	[]	[]	C13_WT_2	0.0
F415	643.0660455	2050.364876	[]	[]	[]	[]	C13_WT_2	0.0
F416	645.0706254	2050.364876	[]	[]	[]	[]	C13_WT_2	0.0
F417	863.0808311	2050.364876	[]	[]	[]	[]	C13_WT_2	0.0
F418	865.0873473	2050.364876	[]	[]	[]	[]	C13_WT_2	0.0
F419	866.0905321	2050.364876	[]	[]	[]	[]	C13_WT_2	0.0
F420	644.068735	2050.411678	[]	[]	[]	[]	C13_WT_2	0.0
F421	524.0010347	2050.489516	[]	[]	[]	[]	C13_WT_2	0.0
F422	862.0776709	2050.520595	[]	[]	[]	[]	C13_WT_2	0.0
F423	426.0218175	2050.591857	['ADP']	[0]	[-0.5324450313496156]	[-0.5918569999998908]	C13_WT_2	6984618.237
F424	321.5304081	2050.629511	[]	[]	[]	[]	C13_WT_2	0.0
F425	322.0319464	2050.629511	[]	[]	[]	[]	C13_WT_2	0.0
F426	323.0353444	2050.629511	[]	[]	[]	[]	C13_WT_2	0.0
F427	353.0783506	2050.629511	[]	[]	[]	[]	C13_WT_2	0.0
F428	642.0616758	2050.629511	[]	[]	[]	[]	C13_WT_2	0.0
F429	646.0740342	2050.629511	[]	[]	[]	[]	C13_WT_2	0.0
F430	864.0841299	2050.629511	[]	[]	[]	[]	C13_WT_2	0.0
F431	561.9520935	2050.632683	[]	[]	[]	[]	C13_WT_2	0.0
F432	435.0518263	2050.699438	['ADP']	[9]	[-0.09681191411262428]	[-0.6994380000001001]	C13_WT_2	0.0
F433	323.5369245	2050.726339	[]	[]	[]	[]	C13_WT_2	0.0
F434	346.0548953	2050.761033	[]	[]	[]	[]	C13_WT_2	186979.7386
F435	853.0476071	2050.761033	[]	[]	[]	[]	C13_WT_2	0.0
F436	432.0420285	2050.773924	['ADP']	[6]	[-0.714798976986144]	[-0.7739240000000791]	C13_WT_2	9275986.231
F437	322.5336447	2050.823167	[]	[]	[]	[]	C13_WT_2	0.0
F438	354.0817253	2050.823167	[]	[]	[]	[]	C13_WT_2	0.0
F439	434.0484851	2050.823167	['ADP']	[8]	[-0.1284492445326083]	[-0.8231670000000122]	C13_WT_2	2139850.23
F440	433.0454678	2050.852608	['ADP']	[7]	[-0.9081914699883745]	[-0.8526080000001457]	C13_WT_2	5233075.989
F441	530.0195963	2050.852608	[]	[]	[]	[]	C13_WT_2	323169.7902
F442	321.028711	2050.858527	[]	[]	[]	[]	C13_WT_2	0.0
F443	431.0386752	2050.904199	['ADP']	[5]	[-0.7200240207373305]	[-0.9041990000000624]	C13_WT_2	14392117.15
F444	320.527073	2050.904417	[]	[]	[]	[]	C13_WT_2	0.0
F445	854.0503887	2050.909704	[]	[]	[]	[]	C13_WT_2	0.0
F446	427.0254418	2050.93135	['ADP']	[1]	[-1.1622216182557796]	[-0.9313499999998385]	C13_WT_2	21701106.75
F447	322.0224142	2051.027271	[]	[]	[]	[]	C13_WT_2	0.0
F448	860.0706627	2051.087542	[]	[]	[]	[]	C13_WT_2	718159.8355
F449	861.0740807	2051.087542	[]	[]	[]	[]	C13_WT_2	0.0
F450	430.0353281	2051.10635	['ADP']	[4]	[-0.7396908561284127]	[-1.1063500000000204]	C13_WT_2	20410569.11
F451	499.9552471	2051.119031	[]	[]	[]	[]	C13_WT_2	0.0
F452	621.9722122	2051.182484	[]	[]	[]	[]	C13_WT_2	0.0
F453	429.0319936	2051.183545	['ADP']	[3]	[-0.7888180952564581]	[-1.1835449999998673]	C13_WT_2	25899371.89
F454	529.0171725	2051.264591	[]	[]	[]	[]	C13_WT_2	307033.3029
F455	352.0750713	2051.29499	[]	[]	[]	[]	C13_WT_2	162263.3885
F456	565.9642217	2051.328897	[]	[]	[]	[]	C13_WT_2	183194.3095
F457	428.0286446	2051.360908	['ADP']	[2]	[-0.8042994420194534]	[-1.3609080000001086]	C13_WT_2	31254976.25
F458	528.0140716	2051.360908	[]	[]	[]	[]	C13_WT_2	403118.1527
F459	525.0034089	2051.371875	[]	[]	[]	[]	C13_WT_2	738827.3873
F460	859.0674893	2051.400299	[]	[]	[]	[]	C13_WT_2	426077.7835
F461	350.0684483	2051.489777	[]	[]	[]	[]	C13_WT_2	437274.5784
F462	347.0583622	2051.519592	[]	[]	[]	[]	C13_WT_2	420655.0238
F463	349.0650955	2051.62136	[]	[]	[]	[]	C13_WT_2	496590.303
F464	351.071728	2051.637399	[]	[]	[]	[]	C13_WT_2	259671.2389
F465	526.0075258	2051.724253	[]	[]	[]	[]	C13_WT_2	552382.6511
F466	858.0641426	2051.760524	[]	[]	[]	[]	C13_WT_2	498328.1969
F467	563.9580539	2051.784285	[]	[]	[]	[]	C13_WT_2	247086.2178
F468	348.0616238	2051.891836	[]	[]	[]	[]	C13_WT_2	526228.1272
F469	564.9614678	2051.919523	[]	[]	[]	[]	C13_WT_2	499983.8944
F470	527.0108124	2052.041444	[]	[]	[]	[]	C13_WT_2	545299.9509
F471	562.954254	2052.063625	[]	[]	[]	[]	C13_WT_2	361345.8911
F472	338.0906286	2056.131408	[]	[]	[]	[]	C13_WT_2	0.0
F473	335.5624066	2056.716488	[]	[]	[]	[]	C13_WT_2	0.0
F474	380.5836503	2056.813289	[]	[]	[]	[]	C13_WT_2	0.0
F475	382.0884903	2056.813289	[]	[]	[]	[]	C13_WT_2	0.0
F476	763.1756638	2056.949257	[]	[]	[]	[]	C13_WT_2	0.0
F477	764.1788414	2056.969659	[]	[]	[]	[]	C13_WT_2	0.0
F478	335.0605837	2056.98445	[]	[]	[]	[]	C13_WT_2	0.0
F479	381.0853039	2057.080209	[]	[]	[]	[]	C13_WT_2	0.0
F480	381.587003	2057.080209	[]	[]	[]	[]	C13_WT_2	0.0
F481	762.1722066	2057.080209	[]	[]	[]	[]	C13_WT_2	0.0
F482	330.5456419	2057.145918	[]	[]	[]	[]	C13_WT_2	0.0
F483	551.0728614	2057.157786	[]	[]	[]	[]	C13_WT_2	0.0
F484	380.0819934	2057.169424	[]	[]	[]	[]	C13_WT_2	119740.0581
F485	662.0969406	2057.204621	[]	[]	[]	[]	C13_WT_2	0.0
F486	336.0640152	2057.258639	[]	[]	[]	[]	C13_WT_2	0.0
F487	757.1552789	2057.317989	[]	[]	[]	[]	C13_WT_2	0.0
F488	758.1587174	2057.34723	[]	[]	[]	[]	C13_WT_2	0.0
F489	759.1623124	2057.34723	[]	[]	[]	[]	C13_WT_2	0.0
F490	760.1655616	2057.34723	[]	[]	[]	[]	C13_WT_2	0.0
F491	761.1688053	2057.34723	[]	[]	[]	[]	C13_WT_2	0.0
F492	379.5804067	2057.478048	[]	[]	[]	[]	C13_WT_2	0.0
F493	374.0619573	2057.517089	[]	[]	[]	[]	C13_WT_2	0.0
F494	749.1289151	2057.646341	[]	[]	[]	[]	C13_WT_2	0.0
F495	750.1320416	2057.749063	[]	[]	[]	[]	C13_WT_2	0.0
F496	374.5635891	2057.755767	[]	[]	[]	[]	C13_WT_2	0.0
F497	378.5770013	2057.962267	[]	[]	[]	[]	C13_WT_2	265074.663
F498	379.0787584	2057.962267	[]	[]	[]	[]	C13_WT_2	419665.3891
F499	378.0753354	2058.024653	[]	[]	[]	[]	C13_WT_2	615274.8428
F500	377.573615	2058.204723	[]	[]	[]	[]	C13_WT_2	645929.1994
F501	376.5704151	2058.399666	[]	[]	[]	[]	C13_WT_2	242456.8718
F502	697.1747048	2058.402091	[]	[]	[]	[]	C13_WT_2	0.0
F503	377.0720768	2058.486532	[]	[]	[]	[]	C13_WT_2	664855.3904
F504	696.1712754	2058.674842	[]	[]	[]	[]	C13_WT_2	0.0
F505	790.1047582	2058.983428	[]	[]	[]	[]	C13_WT_2	0.0
F506	414.1104752	2059.087694	[]	[]	[]	[]	C13_WT_2	0.0
F507	412.1035384	2059.676562	[]	[]	[]	[]	C13_WT_2	0.0
